StartDate,EndDate,Status,IPAddress,Progress,Duration (in seconds),Finished,RecordedDate,ResponseId,RecipientLastName,RecipientFirstName,RecipientEmail,ExternalReference,LocationLatitude,LocationLongitude,DistributionChannel,UserLanguage,consent,Age,Gender,Education,Education_6_TEXT,Tool,Tool_5_TEXT,linearity,branching,reflection,explainability,B-1_1,B-2,B-3_1,B-4,B-5_1,B-6_1,B-7_1,B-8_1,B-9_1,B-10,B-11_1,B-12,B-13_1,B-14,B-15_1,B-16,B-17_1,B-18,B-19_1,B-20,NS-1_1,NS-2,NS-3_1,NS-4,NS-5_1,NS-6_1,NS-7_1,NS-8_1,NS-9_1,NS-10,NS-11_1,NS-12,NS-13_1,NS-14,NS-15_1,NS-16,NS-17_1,NS-18,NS-19_1,NS-20,c-1,c-2,c-3,c-4,used,freq
Start Date,End Date,Response Type,IP Address,Progress,Duration (in seconds),Finished,Recorded Date,Response ID,Recipient Last Name,Recipient First Name,Recipient Email,External Data Reference,Location Latitude,Location Longitude,Distribution Channel,User Language,"Consent Form for Participation in a Research Study
    Student Principal Investigator: Oliver Huang, University of Toronto
    Study Title: A Formative Study of Exploring Data Narratives with Interactive Analysis Tools
    Supported By: University of Toronto
  

  
  
    What is this form?
    
      This form is called a Consent Form. It gives you information about the study so you can make an informed decision about participation. 
      Please take time to read it and ask questions now or at any point. If you agree to participate, you will be asked to provide your consent and 
      will receive a copy of this form for your records.
    
  

  
  
    Important Aspects of This Research Study
    
      You can choose not to take part.
      You can agree to take part and later change your mind.
      Your decision will not be held against you.
    
  

  
  
    Why are we doing this research?
    
      This study is a pre-study designed to help us understand what kinds of tasks our proposed tool would best support. 
We are interested in how people currently use interactive tools to explore datasets and create short data narratives, 
and how they imagine applying our proposed workflow. By comparing these experiences, we aim to identify the types of tasks 
where the proposed system could provide the greatest value. Your feedback will guide the design of future tools that 
better support narrative construction, data reasoning, and decision-making.
    
  

  
  
    Who can participate?
    
      Any person who is at least 18 years of age and has prior experience with interactive data visualization or analysis tools 
      (such as Power BI, Tableau, or other mixed-initiative visual analytics systems) may participate in this study.
    
  

  
  
    How many people will participate?
    We expect about 5–10 participants will take part in this research study.
  

  


  
    Study Overview & Participation
    
      This research has two parts. You may complete one or both:
    

    
      
      
        Part 1 — This Survey
        
          You will see two systems in verbal descriptions with illustrative figures.
          First, you will review a well-established BI workflow and describe, in detail,
          how you would perform the task with the BI tool you know (what you would click, which functions, any external tools).
          Next, you will review our proposed workflow (figures + captions) and re-imagine the same task,
          indicating whether it would feel more straightforward.
        
        Time: ~45 minutes
        Compensation: $20 USD
      

      
      
        Part 2 — Interview & Hands-On Session
        
          If you opt in, you will join a Zoom session to play with the proposed tool, discuss your experience,
          and provide formative feedback. This is a separate session scheduled later.
        
        Time: ~60 minutes (Zoom)
        Compensation: $30 USD
      
    

    
      
        Purpose of this survey: to help you imagine our proposed workflow side-by-side with a familiar BI workflow,
        so we can understand where current tools feel linear or lossy and whether our approach feels more straightforward.
      
    
  





  
  
    Will being in this research help me?
    
      You are not likely to have any direct benefit from being in this research study. However, your participation will help researchers design better tools for data exploration and communication.
    
  

  
  
    What are my risks?
    
      Your participation does not involve risks beyond those of everyday computer use. You may take breaks as needed, and you may stop at any time without penalty.
    
  

  
  
    How will my personal information be protected?
    
      We will make every effort to protect your privacy. Study data will be stored securely, and your responses will be de-identified before analysis. 
      Only members of the research team will have access to study-related records. Results may be published, but your identity will never be revealed.
    
  

  
  
    Who can I talk to if I have questions?
    
      If you have questions about this study, please contact the Student Principal Investigator: Oliver Huang, oliver@cs.toronto.edu.

      For questions about your rights as a research participant, you may contact the Research Ethics Office at ethics.review@utoronto.ca.
    
  

  
  
    What happens if I change my mind?
    
      You may withdraw from the study at any time. To do so, simply notify the researcher or close the study session. Any data already collected will not be included in the analysis.
    
  

  
  
    
      By clicking “I consent” or signing below, you confirm that you are at least 18 years old, have read this consent form, 
      and agree to participate in this research study. Participation is voluntary, and you may withdraw at any time without penalty. 
      Please keep a copy of this page for your records.",What is your age?,What is your gender?,Occupation/Role - Selected Choice,Occupation/Role - Other - Text,Which BI tools have you used? - Selected Choice,Which BI tools have you used? - Other - Text,"Did you feel restricted by having to explore in a linear, step-by-step way? 
        Please describe where this was limiting for you.","When you wanted to explore alternative paths (e.g., affordability-first vs. safety-first), 
        what barriers did you encounter in holding these branches side by side?","When you realized you might need to revisit or revise an earlier step, 
        what made this difficult in your current BI workflow?","If you had to explain your reasoning to a stakeholder, what parts of the story would be 
        hard to defend or reconstruct using your current BI tool?",How easy would it be to find a direction if you started exploring without a specific question using this tool? - Rate,Explain your reasoning,How easy would it be to turn your exploration into a structured output (like a clear recommendation or narrative) using this tool? - Rate,Explain your reasoning,How mentally demanding would you expect this task to be using this tool? - Rate,How successful would you expect to be in performing the task with this tool? - Rate,How much effort would you expect it to take to accomplish your goals using this tool? - Rate,How frustrating would you expect the task to feel using this tool? - Rate,How easy would this tool encourage you to try different ways of analyzing the same data? - Rate,Explain your reasoning,How easy would it be to keep track of different paths of exploration using this tool? - Rate,Explain your reasoning,How easy would it be to recognize when to revisit or revise earlier reasoning - Rate,Explain your reasoning,How easy would this tool support reflecting on trade-offs between different options? - Rate,Explain your reasoning,How easy would it be to defend your reasoning behind the insights generated with this tool? - Rate,Explain your reasoning,"How confident would you feel presenting your conclusions to others (e.g., a stakeholder)? - Rate",Explain your reasoning,How easy would it be to find a direction if you started exploring without a specific question using this tool? - Rate,Explain your reasoning,How easy would it be to turn your exploration into a structured output (like a clear recommendation or narrative) using this tool? - Rate,Explain your reasoning,How mentally demanding would you expect this task to be using this tool? - Rate,How successful would you expect to be in performing the task with this tool? - Rate,How much effort would you expect it to take to accomplish your goals using this tool? - Rate,How frustrating would you expect the task to feel using this tool? - Rate,How easy would this tool encourage you to try different ways of analyzing the same data? - Rate,Explain your reasoning,How easy would it be to keep track of different paths of exploration using this tool? - Rate,Explain your reasoning,How easy would it be to recognize when to revisit or revise earlier reasoning - Rate,Explain your reasoning,How easy would this tool support reflecting on trade-offs between different options? - Rate,Explain your reasoning,How easy would it be to defend your reasoning behind the insights generated with this tool? - Rate,Explain your reasoning,"How confident would you feel presenting your conclusions to others (e.g., a stakeholder)? - Rate",Explain your reasoning,Which tool felt more effective in helping you move from vague exploration to structured insights? Why,Which tool felt more supportive for reflecting and revising your reasoning? Why,Which tool would you prefer to use for real-world decision-making tasks?,What would you combine or change from both tools to make an ideal system?,"Have you used any visual analysis or data visualization tools before (e.g., Power BI, Tableau, Excel charts, Looker, or similar)?",How often do you use visual analysis tools to support your work or personal decision-making?
"{""ImportId"":""startDate"",""timeZone"":""America/Toronto""}","{""ImportId"":""endDate"",""timeZone"":""America/Toronto""}","{""ImportId"":""status""}","{""ImportId"":""ipAddress""}","{""ImportId"":""progress""}","{""ImportId"":""duration""}","{""ImportId"":""finished""}","{""ImportId"":""recordedDate"",""timeZone"":""America/Toronto""}","{""ImportId"":""_recordId""}","{""ImportId"":""recipientLastName""}","{""ImportId"":""recipientFirstName""}","{""ImportId"":""recipientEmail""}","{""ImportId"":""externalDataReference""}","{""ImportId"":""locationLatitude""}","{""ImportId"":""locationLongitude""}","{""ImportId"":""distributionChannel""}","{""ImportId"":""userLanguage""}","{""ImportId"":""QID1""}","{""ImportId"":""QID2_TEXT""}","{""ImportId"":""QID67""}","{""ImportId"":""QID3""}","{""ImportId"":""QID3_6_TEXT""}","{""ImportId"":""QID4""}","{""ImportId"":""QID4_5_TEXT""}","{""ImportId"":""QID56_TEXT""}","{""ImportId"":""QID58_TEXT""}","{""ImportId"":""QID59_TEXT""}","{""ImportId"":""QID64_TEXT""}","{""ImportId"":""QID7_1""}","{""ImportId"":""QID9_TEXT""}","{""ImportId"":""QID8_1""}","{""ImportId"":""QID10_TEXT""}","{""ImportId"":""QID12_1""}","{""ImportId"":""QID13_1""}","{""ImportId"":""QID14_1""}","{""ImportId"":""QID15_1""}","{""ImportId"":""QID16_1""}","{""ImportId"":""QID17_TEXT""}","{""ImportId"":""QID18_1""}","{""ImportId"":""QID19_TEXT""}","{""ImportId"":""QID20_1""}","{""ImportId"":""QID21_TEXT""}","{""ImportId"":""QID22_1""}","{""ImportId"":""QID23_TEXT""}","{""ImportId"":""QID24_1""}","{""ImportId"":""QID25_TEXT""}","{""ImportId"":""QID26_1""}","{""ImportId"":""QID27_TEXT""}","{""ImportId"":""QID28_1""}","{""ImportId"":""QID29_TEXT""}","{""ImportId"":""QID30_1""}","{""ImportId"":""QID31_TEXT""}","{""ImportId"":""QID32_1""}","{""ImportId"":""QID33_1""}","{""ImportId"":""QID34_1""}","{""ImportId"":""QID35_1""}","{""ImportId"":""QID36_1""}","{""ImportId"":""QID37_TEXT""}","{""ImportId"":""QID38_1""}","{""ImportId"":""QID39_TEXT""}","{""ImportId"":""QID40_1""}","{""ImportId"":""QID41_TEXT""}","{""ImportId"":""QID42_1""}","{""ImportId"":""QID43_TEXT""}","{""ImportId"":""QID44_1""}","{""ImportId"":""QID45_TEXT""}","{""ImportId"":""QID46_1""}","{""ImportId"":""QID47_TEXT""}","{""ImportId"":""QID49_TEXT""}","{""ImportId"":""QID50_TEXT""}","{""ImportId"":""QID51_TEXT""}","{""ImportId"":""QID52_TEXT""}","{""ImportId"":""QID5""}","{""ImportId"":""QID6""}"
2025-09-12 15:04,2025-09-12 15:36,IP Address,27.59.109.95,100,1879,TRUE,2025-09-12 15:36,R_42eUPiBgaQ2eV1I,,,,,18.5211,73.8502,anonymous,EN,I consent,25,Male,Data Analyst,,"PowerBI,Tableau,Excel / Google Sheets,Programming-based tools (i.e d3.js)",,"Yes, I often feel restricted by the linear nature of BI tools like Power BI. The workflow expects me to apply one filter or transformation at a time, and once I move forward, there’s no structured way to keep track of the rationale behind earlier steps. For example, if I filter destinations by safety and then add affordability, the ""why"" behind my sequence gets buried in the report state. This makes it difficult to capture my initial hypotheses (e.g., ""safety might matter more than cost"") because the tool only reflects the current applied filters, not the thought process. The result is a fragile exploration path where reasoning and experimentation can easily get lost.","The biggest barrier was that Power BI doesn’t support parallel branches natively. To compare ""affordability-first"" versus ""safety-first,"" I had to create duplicate pages or rely on bookmarks. Both are clunky: bookmarks break easily when visuals or slicers change, and duplicate pages make it hard to keep filters synchronized. As a workaround, I often resort to taking screenshots and pasting them into OneNote or PowerPoint so I can view branches side by side. This external workaround costs extra time and introduces the risk of working with stale or inconsistent snapshots instead of live, connected data.","Revisiting earlier steps is challenging because the BI workflow doesn’t preserve a reasoning history. If I decide that crowd dynamics are more important than affordability, I have to manually adjust parameters and filters from scratch. There’s no ""version history"" of my exploration where I can easily roll back or tweak earlier decisions while preserving the rest of my work. I end up re-applying slicers, recalculating measures, or rebuilding visuals, which is inefficient. Often, I have to write down parameter values or copy screenshots externally so I don’t lose track of what I tested before.","It would be hard to defend the evolution of my reasoning, why I shifted weights, why certain branches were discarded, and how trade-offs were considered. The BI tool shows the final state (e.g., top 3 destinations based on active filters) but not the alternative paths I explored along the way. If a stakeholder asked, ""Why did you prioritize safety over affordability?"" I would have to dig through notes or screenshots rather than pointing to an integrated history in the tool. Similarly, explaining parameter adjustments (like raising the weight of crowd avoidance after reflection) is difficult because there’s no built-in record of those changes. This makes my final narrative less transparent and harder to justify fully within the tool itself.",Moderately difficult,"Without a clear question, the tool does not provide much guidance. I often have to create my own starting point by dragging in fields, building exploratory visuals, or applying slicers manually. There’s no dedicated space to capture vague goals or hypotheses, so it’s easy to feel lost or unfocused. I usually rely on external notes to shape my direction before the BI workflow feels useful.",Moderately difficult,"The tool shows my final state (e.g., top 3 destinations by score), but it doesn’t capture the reasoning steps, parameter changes, or alternative branches I explored. To build a narrative, I take screenshots, export CSVs, or add text boxes manually, then piece these together in PowerPoint or notes. It’s possible to reach a structured recommendation, but it requires significant extra effort outside the tool.",Moderately easy,Moderately easy,Moderately difficult,Slightly difficult,Slightly easy,"The tool makes it relatively simple to try a new chart type, adjust slicers, or change parameters, so in that sense it does encourage experimenting. However, because each change overwrites the previous view, I often lose context or have to duplicate pages/bookmarks to preserve earlier trials. This makes branching less natural, so while it’s possible to try different analyses, it doesn’t feel seamless or strongly encouraged.",Moderately difficult,"It is quite hard to track multiple exploration paths inside the tool. I usually rely on bookmarks or duplicate reports, but those break easily and don’t show changes in reasoning over time. To truly keep track, I end up exporting screenshots or notes outside the tool. Without a built-in ""exploration history"" or side-by-side comparison feature, it requires significant manual effort to maintain parallel paths.",Moderately difficult,"The tool does not explicitly show the sequence of my reasoning or the earlier parameter choices I made. I can usually sense when I need to revisit a step (e.g., realizing that crowd dynamics matter more than affordability), but actually recognizing where in the workflow to go back is harder because prior decisions are buried in filters or overwritten by new visuals. Without a history log, I rely on external notes to remind myself of earlier assumptions.",Slightly difficult,"The tool allows me to adjust weights and create comparisons, but it doesn’t naturally support keeping multiple trade-off scenarios visible at once. I can approximate this with bookmarks, duplicate pages, or side-by-side screenshots, but it requires extra manual effort. As a result, while I can reflect on trade-offs, the tool itself doesn’t make that process very easy or natural.",Moderately difficult,"The tool can show the final visuals, metrics, and rankings clearly, but it does not capture the evolution of my reasoning or the alternative paths I explored. If someone asked why I prioritized one factor over another, I would have to rely on external notes, bookmarks, or memory. Since the BI workflow doesn’t preserve a trace of my decisions, it is harder to fully defend the ""story"" behind the insights, even though the results themselves look polished.",Slightly comfortable,"I would feel reasonably confident showing the final dashboards or top recommendations, because the visuals are compelling and the measures are accurate. However, I would not feel fully confident if stakeholders wanted to probe deeper into why certain trade-offs were made or how earlier filters were revised, since that reasoning is not transparent in the tool. My comfort comes from the quality of the outputs, but not from the clarity of the underlying process.",Moderately easy,"The smart data familiarization and scope indicators give me a quick sense of coverage, gaps, and ranges. This lowers the barrier to starting because I can see ""what’s inside"" the dataset before forming concrete queries. It would still require me to frame an analytical goal, but the previews make it far easier than starting with a blank sheet.",Extremely easy,"The system directly links captured insights to evidence, builds a timeline of reasoning, and then transforms branches into a structured story with one click. This means the narrative emerges naturally from exploration rather than having to be rebuilt afterwards. It would be much easier to produce a defensible recommendation compared to my current BI workflow.",Slightly difficult,Extremely easy,Slightly easy,Slightly easy,Extremely easy,"The branching feature directly supports exploring multiple interpretations without fear of losing progress. Since I can create alternative paths with just a click, the tool actively encourages testing different hypotheses and perspectives. Unlike traditional BI tools where experimenting feels risky or messy, this system makes it safe and natural to try multiple approaches side by side.",Extremely easy,"The combination of narrative branching, the insight timeline, and the inquiry board means I can always see which paths I’ve taken, what questions are active, and how my reasoning has evolved. Each insight remains linked to its evidence, so I don’t have to rely on screenshots or external notes. This makes tracking different exploration paths much easier and more organized than in my current BI workflow.",Extremely easy,"Because every captured insight is linked back to the exact chart and context, it would be very straightforward to spot when earlier assumptions need to be revisited. The sentence-level reflection and timeline view make it obvious where a claim came from and allow me to revise it without losing history. This is a major improvement over traditional BI tools where earlier reasoning is hidden in filters or overwritten.",Extremely easy,"The branching feature and timeline visualization directly support side-by-side comparisons of different options. I could maintain a ""safety-first"" branch and a “budget-first” branch, then reflect on trade-offs without losing either. The inquiry board further helps me track which questions are resolved and which comparisons are still open, making reflection on trade-offs much more natural and transparent.",Extremely easy,"Since every captured insight is automatically linked back to its supporting data and visualizations, I would always have clear evidence to justify my claims. The timeline and sentence-level reflection features also make my reasoning process transparent and reproducible. Instead of relying on memory or external notes, I could simply click back through the analysis to defend how I reached each conclusion.",Extremely comfortable,"I would feel very confident presenting results because the tool produces a polished narrative where every claim remains tied to evidence. The story mode automatically organizes branches, trade-offs, and methodological transparency, which makes my presentation credible and easy to defend. This gives me confidence that stakeholders could challenge any part of my analysis, and I would still have the supporting context to answer them.","The proposed system felt much more effective. It gives me data previews up front, which helps me orient myself without needing a concrete query, and then it links every captured insight directly to evidence. The timeline, branching, and story mode make it much easier to transform open-ended exploration into a structured, defensible narrative. In contrast, traditional BI tools only show the current state of filters and visuals, which makes it harder to see how my thinking developed.","The proposed system was clearly more supportive. With sentence-level reflection and linked evidence, I can easily revisit why I made a claim and revise it without losing context. The timeline view makes the evolution of reasoning visible, so I don’t have to reconstruct past steps from memory or external notes. Traditional BI tools make reflection difficult because earlier assumptions get buried inside visuals or filters.","I would prefer the proposed system. It gives me confidence that my reasoning is transparent, traceable, and easy to defend to stakeholders. The ability to branch safely and then convert analysis into a structured story is especially valuable for real-world scenarios where trade-offs must be explained clearly.","From traditional BI tools, I would keep the rich ecosystem of connectors, customization, and advanced modelling (like DAX in Power BI or calculated fields in Tableau). From the proposed system, I would bring in the narrative-driven workflow, branching, reasoning timeline, and one-click story mode. An ideal system would combine the technical flexibility and data integration power of BI tools with the reasoning support and narrative transparency of the proposed system.",,
2025-09-12 15:08,2025-09-12 15:45,IP Address,41.123.34.221,100,2221,TRUE,2025-09-12 15:45,R_8bbAZ3mz6NonJWF,,,,,-26.2309,28.0583,anonymous,EN,I consent,26,Male,Data Analyst,,"PowerBI,Excel / Google Sheets,Programming-based tools (i.e d3.js)",,"YES  the inline stteo-by-step hard to revisite assumptions  When I realized commute mattered more than I thought, there was no way to “go back” and adjust earlier steps while keeping the rest of the analysis intact","The biggest barrier was that the tool didn’t support branching natively. Once I filtered or added a constraint, it overwrote my current view instead of letting me save that state as a separate path","Revisiting earlier steps was difficult because the tool didn’t preserve a clear, editable history of my actions. Once I applied a filter or layered in a new metric",It would be hard to defend the decision path itself.,Moderately difficult,the tool expects you to start with a concrete query,Moderately difficult,"The tool gives me charts for individual queries, but it doesn’t capture the reasoning process",Slightly difficult,Slightly difficult,Moderately difficult,Moderately difficult,Extremely difficult,"Because the tool is linear and doesn’t support branching or scenario comparison, experimenting with alternative analyses requires duplicating dashboards",Slightly difficult,"The tool doesn’t natively preserve alternative paths or branches, so keeping track of different approaches",Slightly difficult,Since the tool doesn’t maintain an editable history or reasoning timeline,Moderately difficult,The tool doesn’t provide a way to compare alternative paths or scenarios side by side,Extremely difficult,"The tool doesn’t capture the reasoning process, filter choices, or alternative paths",Moderately uncomfortable,"While I could show charts and data, the lack of preserved reasoning, branching paths",Moderately easy,"The smart data previews give immediate insights into dataset scope, coverage, and gaps",Slightly easy,"the tool tracks dataset insights, highlights gaps, and provides summaries, you can quickly identify key findings",Moderately easy,Moderately easy,Slightly easy,Moderately easy,Extremely easy,The tool’s smart previews and structured summaries make it clear where interesting patterns,Moderately easy,"The tool preserves scenario cards and tracks each exploration path, so you can see which filters, metrics, or branches you’ve applied",Extremely easy,"Since the tool tracks scenario cards, filters, and applied metrics, you can quickly see the impact of each decision and identify which steps might need adjustment",Extremely easy,"The tool lets you maintain multiple scenario cards side by side, showing how different choices",Moderately easy,"he tool tracks all applied filters, metrics, and scenario branches, providing a clear record of how insights were generated",Extremely uncomfortable,"Because the tool preserves scenario paths, highlights trade-offs, and tracks reasoning","The Smart Exploration tool felt more effective. Unlike the traditional BI workflow, it provides smart data previews, scenario cards, and preserved reasoning",The Smart Exploration tool felt more supportive for reflecting and revising reasoning,I would prefer the Smart Exploration tool for real-world decision-making,"An ideal system would combine the strengths of both tools while addressing their weaknesses
Quick charting and visualization capabilities.",,
2025-09-12 15:02,2025-09-12 15:50,IP Address,94.209.70.199,100,2832,TRUE,2025-09-12 15:50,R_2HU42mkIr6hsFC6,,,,,50.7823,5.7146,anonymous,EN,I consent,26,Male,Academic/Researcher,,"Tableau,Excel / Google Sheets",,"I do feel restricted in this way, since by doing things step-by-step you will think less about alternatives.",The amount of possible combinations that comes with having multiple options.,Mainly ensuring that I can still use the same instructions for the next steps.,Mainly the large selection of potential paths that can be chosen.,Slightly easy,I can easily inspect the data for inspiration.,Neither easy nor difficult,There are plenty of options in terms of dara visualization.,Slightly easy,Slightly easy,Slightly easy,Neither easy nor difficult,Slightly easy,It provides automatic suggestions for graphs or diagrams.,Neither easy nor difficult,It mainly depends on how efficiently you make use of the options provided.,Slightly easy,"When the screen is filled with data, the code should be made more compact.",Slightly easy,"You can easily select filters to see multiple options, one by one",Slightly easy,It is relatively easy to check the used mechanism.,Moderately comfortable,The data visualization tool is quite established,Slightly easy,"Via branching I could easily go back to and switch to a different point, meaning I have more possibilities of exploring alternatives without losing previous content.",Slightly easy,At the end you can choose the optimal branch yourself.,Slightly difficult,Neither easy nor difficult,Neither easy nor difficult,Neither easy nor difficult,Moderately easy,"Knowing that I can easily go back to previous branches, would encourage me to try new approaches since there is less risk of large amounts of wasted time or effort ",Slightly easy,"It will be easier to go back to pinpoint earlier steps in the process that need to be adjusted.

",Slightly easy,That is mainly the case when I don’t know what to do next.,Slightly difficult,It may be more difficult to check multiple options/paths at once.,Moderately easy,The reasoning would follow the path of branches chosen at the end.,Moderately comfortable,This method is structured end you can clearly state why a specific path had been chosen.,"The second one since you can easily revisited earlier stages, which indicaties less risk in case of trying a new approach.","The second one, since it is easier to revisit previous to think about whether it was the best option.","The first one, since it is more traditional and natural too use.",I would great if the second system could be used afterwards for reflection while maintaining a more pre-determined approach initially.,,
2025-09-12 15:05,2025-09-12 15:50,IP Address,41.13.70.241,100,2695,TRUE,2025-09-12 15:50,R_8q7ZxeW89DG5v0C,,,,,-25.7005,28.2247,anonymous,EN,I consent,26,,Academic/Researcher,,Excel / Google Sheets,,no because step was needed in the BI tool,it was too expensive to use it,drafting the narrative,drafting the narrative and we lost a path moment,Neither easy nor difficult,it was in between you might start with your steps and because unsuccessful,Slightly easy,because you will be able to provide all the information that you have collected.,Slightly easy,Slightly easy,Moderately easy,Neither easy nor difficult,Moderately easy,because if you ask for different way it will suggest another easy way.,Neither easy nor difficult,it will be in between because it might be easy to access different paths while it will be difficult to access the different paths,Neither easy nor difficult,"if you are not used it will be easy while if you are used to it, it will be easy to recognise",Moderately easy,because it will want to have different opinions that will help us,Slightly easy,this tool will give you different reasoning and you will choose the best one.,Moderately comfortable,because the  tool would have done a great job that will be well presented to others.,Slightly difficult,because you wont even know where to start,Neither easy nor difficult,it might be easy or difficult,Moderately easy,Moderately easy,Moderately easy,Slightly difficult,Neither easy nor difficult,it might be between because you will find that it does not give you what you are looking for,Neither easy nor difficult,it will have steps which are not easy to bare in mind,Slightly difficult,because different waya will be presented to you,Moderately easy,it might be easy because it likes to encourage you with different ways,Neither easy nor difficult,because you do not know the tool and it will defend you,Neither comfortable nor uncomfortable,because i will be having enough information while it might bad,the first tool was easy to be understood.,first tool was very supportive,first tool because it show me step by step,second tool should not be difficult so that it can be understood.,,
2025-09-12 15:10,2025-09-12 15:53,IP Address,47.41.79.4,100,2606,TRUE,2025-09-12 15:53,R_7oo0wzmqS1lQrSI,,,,,44.0484,-92.4948,anonymous,EN,I consent,49,Male,Academic/Researcher,,"Programming-based tools (i.e d3.js),Other",R,The tool forcing me into a linear workflow made it hard to investigate multiple factors at the same time.,I cannot preserve two different analyses side by side without duplicating sheets or taking screenshots.,I had to manually reapply it since filters and selections do not persist as an editable history.,"Defending the reasoning chain would be hard since the tool does not capture the trade-offs, alternatives, or rationale behind each decision.",Moderately difficult,"It requires a specific prompt to start. However, it is hard to explore vague golas or keep track of open-ended hypothesis.",Slightly difficult,"The tool does not capture reasoning steps or trade-offs, and thus make it a little bit difficult to assemble a defensible story.",Moderately difficult,Neither easy nor difficult,Moderately difficult,Moderately difficult,Slightly difficult,"It should be noted that the tool focuses on linear queries. Therefore, it does not encourage branching into alternative analyses without some repetitive work.",Moderately difficult,"As mentioned above that the tool does not preserve branches, it would be hard to mantain parallel paths.",Moderately difficult,There is no history record provided by the tool. It is difficult to see when assumptions need to be updated without manually revisiting actions.,Slightly difficult,"Without alternative paths, comparing trade-offs between options may need additional effort outside the tool.",Moderately difficult,It is challenging to justify conclusions beyond illustrating the latest chart without a transparent reasoning chain. The tool cannot capture such a chain.,Slightly uncomfortable,"The conclusion might appear incomplete without a clear record of trade-offs or alternative paths. Therefore, I feel a little bit uncomfortable to present the conclusions to others.",Slightly easy,I could quickly find a direction even without a precise starting query with the smart data famililarization previews.,Moderately easy,It is much easier to transform exploration into a defensible narrative with the captured context and linked evidence.,Slightly easy,Moderately easy,Slightly easy,Slightly easy,Moderately easy,The narrative-driven exploration and branching features make it simple to test out different analytical options.,Moderately easy,"Both functions of branching and timeline clearly separate and preserve alternative paths, which is easy for me to manage and compare different explorations.",Moderately easy,"The included features (i.e., timeline and reflection) make it clear when and why earlier reasoning might need to be revisited or revised.",Moderately easy,"Based on the branching and side-by-side comparisons, this tool makes it simple to weigh trade-offs and keep alternative perspectives visible.",Moderately easy,"Since the insights were linked to evidence and captured in the timeline, it is pretty straightforward to justify my reasoning.",Moderately comfortable,The transparency of evidence gives me confidence to transfer it to others.,"The 2nd tool captures reasoning directly, links insights to evidence, and transforms exploration into a structured narrative.",The 2nd tool feels more supportive because its timeline and branching features make it easy to revisit earlier steps and revise without losing context.,"The 2nd tool can reduce mental load, preserve alternative paths and produce defensible conclusions.",I would keep the 2nd tool's narrative capture and branching feature but also incorporate the familiarity and flexibility of the traditinonal tool for chart adjustments.,,
2025-09-12 15:24,2025-09-12 15:54,IP Address,69.5.138.1,100,1769,TRUE,2025-09-12 15:54,R_7CZt6Wa7qGiVqsW,,,,,41.6117,-93.8852,anonymous,EN,I consent,47,Female,Data Analyst,,"Tableau,Excel / Google Sheets,Other",Qlik,"Yes, because BI tools force you down one path at a time, it’s easy to lose prior context. I know from experience that once you change weights or filters, the earlier branch is gone unless you duplicated it up front.","Tableau forces me to duplicate sheets, filters, and even parameters to keep paths separate, and then I have to manually maintain both. That creates drift and makes it harder to keep scenarios synced when I update the underlying data.","Earlier context filters and assumptions are buried, so I often have to hunt them down or just rebuild. In practice, I keep notes and screenshots outside the tool because Tableau doesn’t give you a clean way to roll back.","It’s hard to show exactly why certain boroughs were included or excluded because set logic and parameter changes aren’t transparent. I can explain the weighted score, but the evolution of those weights and the paths we abandoned aren’t recorded, so the story looks cleaner than the messy process behind it.",Moderately difficult,"These tools really want a defined starting question, so without one it feels like wandering until I land on something useful.",Slightly difficult,"I can get the visuals, but the story usually comes together outside the tool in notes or slides.",Moderately difficult,Moderately easy,Moderately difficult,Slightly difficult,Slightly difficult,"I can try different angles, but the tool doesn’t really make branching easy. If I want to compare approaches, I usually have to duplicate sheets or parameters, which adds overhead.",Moderately difficult,It’s hard to keep parallel paths straight because everything shares the same filters and parameters. I usually fall back on screenshots or notes outside the tool just to remember what I’ve already tested.,Moderately difficult,"Earlier filters and assumptions get buried, so unless I’ve documented them myself, it’s not obvious when something needs to be revisited.",Slightly difficult,"I can compare visuals, but the tool doesn’t capture the reasoning or side-by-side trade-offs. Most of that reflection happens in my notes or slides, not inside the BI tool.",Moderately difficult,"I can walk through the final visuals and metrics, but the tool doesn’t capture the steps or weight changes along the way, so parts of my reasoning would be hard to show directly.",Moderately comfortable,"I’d be comfortable with the recommendations themselves, but less confident explaining the full path I took to get there since some of that context lives outside the tool.",Moderately easy,"The previews give me scope, ranges, and gaps right away, so I’m not wasting time staring at raw rows trying to figure out where to start.",Moderately easy,Having context and quality surfaced up front makes it easier to shape the data into a story without building everything outside the tool.,Moderately easy,Moderately easy,Slightly difficult,Moderately easy,Moderately easy,"By surfacing scope and gaps up front, it makes me more willing to test different angles since I’m not bogged down just figuring out what’s in the data.",Moderately easy,"Having the system highlight coverage and context gives me a clearer baseline, so it’s easier to hold multiple paths without losing track, though I’d still want some notes on the side.",Moderately easy,"With system surfacing scope and gaps, it’s clearer when my assumptions don’t hold and I need to adjust, instead of realizing too late.",Moderately easy,"The structured previews and context make it easier to line up pros and cons across paths, so I can see the tradeoffs without piecing it all together outside the tool.",Moderately easy,"Since the system shows scope, gaps, and ranges up front, I’d have a stronger foundation to back up my choices instead of relying only on outside notes.",Moderately comfortable,"I’d feel good presenting the recommendations because the reasoning is easier to trace, and I wouldn’t worry as much about missing context.","The proposed system felt more effective because the previews gave me immediate context on scope, gaps, and ranges. That structure helped me move from poking around to forming a clearer narrative much faster.",The proposed system since it surfaced coverage and data quality up front. That made it easier to spot when my assumptions didn’t hold and revisit earlier steps before I went too far down one path.,I’d choose the proposed system because it cuts down on grunt work and makes my reasoning more defensible when I need to explain it to others.,"I’d keep the smart previews and structured context from the proposed system, but add stronger support for branching and saving scenarios like in my current workflow. Having a way to track multiple paths side by side without duplicating everything would make it ideal.",,
2025-09-12 15:03,2025-09-12 15:54,IP Address,105.1.18.230,100,3100,TRUE,2025-09-12 15:54,R_2hxdAzSZiCVqpxL,,,,,-29.8553,31.0428,anonymous,EN,I consent,66,Female,Other,Healthcare,Excel / Google Sheets,,"I think it is more understandable when just brought in a whole information, the step by step is a little bit confusing, you may end up feeling discouraged to view all the steps.",The barriers was that the baseline tool did not preserve parallel branches which made it hard to explore the side by side path.,Revisiting the previous step will be time wasting and it may require me to start afresh as it will be a mess and I personally prefer things to be in order.,"Would be to not being able to view everything in 1 sheet, that would be complicated to the user and it will be hard to defend nor explain it to them.",Moderately easy,I think it will be moderately easy as the tool will just work on what they think is best and what will work for the both of us.,Neither easy nor difficult,"I will give this rating because on some tools it is quite hard to take explanation, especially if you have instructed them so many times, they will just worsen the whole thing.",Slightly difficult,Neither easy nor difficult,Moderately difficult,Slightly difficult,Slightly easy,"If the present data it understood with no hassle, then future same data set would be easier to understand and follow.",Moderately easy,"Since I now know which steps , and how it works it will be moderately easy to follow or keep track of different paths of exploring it.",Neither easy nor difficult,"It will not be difficult nor easy, but just time wasting to go back instead of moving forward.",Slightly difficult,"Since it fails to do side by side, I think it would be a slight hassle for someone to understand that these are different options.",Neither easy nor difficult,"It would differ on whom am I defending my reasonings, if they are familiar with the tool or same like tool it will be slightly easy and difficult if not familiar.",Moderately comfortable,I will be moderately comfortable as I will have proper and clear knowledge on how the tool works.,Extremely easy,"It would be easy as the tool will offer wide variety of responses to choose from, and from there you can begin working on them.",Extremely easy,"Very easy as the system is easy to use and navigate, and all your point whether good or bad will be store in case you need them at any time.",Moderately easy,Extremely easy,Moderately easy,Extremely easy,Extremely easy,It will be easy as I will be navigating different data without losing previous data.,Extremely easy,Very easy as the tool will create a branch of ideas where I can input my ideas and go back to them when I need them.,Extremely easy,"It will be easy because the data will be exactly as I left it before, nothing will change and the layout will make it easy.",Extremely easy,It will be easy as it will show me whether my data contradicts one another and I can easily compare two ideas or options in one layout.,Extremely easy,"It would be easy, because even if I had forgotten my reasoning or why I chose a specific option, I can easily go back to it and remember why I wrote it that way.",Extremely comfortable,"I would feel extremely confident as I will have my information all in one place, and I will know where to go when I want a certain piece of information.","It is the second one/option B, it was more straight forward and easier to understand.","Option B, because for every step that I took, it clearly explained what to expect on it and when encountering a problem, they showed ways to solve it.",I would definitely go with option B.,"On option A I would change the layout and the way it explains thing, and on option A I think it is perfect the way it is.",,
2025-09-12 15:02,2025-09-12 16:01,IP Address,103.199.122.53,100,3549,TRUE,2025-09-12 16:01,R_9XQezbmLLOEGwwx,,,,,28.6929,76.9356,anonymous,EN,I consent,29,Male,Manager,,Excel / Google Sheets,,"Yes, the initial goal or decision in not clear. Other than this everything looks fine.",It was not possible to know the reasoning and assumptions at the start. ,"It was difficult since without the reasoning history, It would be difficult to adjust the assumptions that led the earlier or later decisions.",It would be difficult to tell that why and how any particular filter is used since the reasoning behind each step is not provided.,Slightly difficult,"It would be slightly difficult because it would be done ultimately but without a clear question, it would be very difficult to decide the start and the subsequent actions.",Slightly difficult,It will be difficult because turning tour exploration into a structured output will require manual piecing and tracking assumptions.,Moderately difficult,Slightly easy,Slightly easy,Neither easy nor difficult,Slightly difficult,It is slightly difficult because it might be tedious.,Slightly difficult,Because the assumptions are not known and it will make multiple paths which will not be able to be tracked.,Slightly difficult,It is because it will need updating and it might be tedious.,Slightly difficult,The tool does not give a comparision of different options.,Slightly difficult,Because the assumptions are not knows.,Neither comfortable nor uncomfortable,It might be in any direction depending on certain key factors and prep.,Extremely easy,It was easy because the data immediately shows all the data regarding the task in a very good and attractive way.,Moderately easy,I believe it is easy since story mode makes the data easy to understand.,Moderately easy,Extremely easy,Moderately easy,Moderately easy,Extremely easy,It is easy because it helps see multiple paths side by side.,Moderately easy,"Because of the use of the tool, it is easy.",Extremely easy,The timeline will help me recognize past reasonings and revise if needed.,Extremely easy,It will be very easy since timeline makes it easy to compare and further help.,Extremely easy,Since every insight is backed by reasoning and the story mode is also helpful therefore it will help to justify my recommendations.,Extremely comfortable,It will be very comfortable since every insight is backed by reasoning and the story mode is also helpful therefore it will help to justify my recommendations.,The shown system seems to be more effective because of some new and unique features.,The current system since it provides a timeline for easy accessing and updating.,I can surely prefer the proposed tool.,Combining timeline and storymode might help.,,
2025-09-12 15:03,2025-09-12 16:02,IP Address,41.116.14.18,100,3562,TRUE,2025-09-12 16:02,R_2R1mUFNppKlRM0i,,,,,-26.1,28.25,anonymous,EN,I consent,54,Male,Academic/Researcher,,"Tableau,Excel / Google Sheets",,Step 6; it was limiting as it did not include the previous charts as comparison to the newer revised request. the request is clear from my side,the paths were incorrectly calculated removing the school divergent paths meaning that the barriers were incorrectly calculated,it need me to upload information that was already in the previous interaction. which makes communication difficult ,"the gaps in information provided as if they were to ask about the missing charts on commute to school, however it can be explained by the fact that i missed a crucial part of the barriers which can be fixed my me revising my initial wording and adding the correct one ",Extremely difficult,if i don't put full information the tool only analyses what i have requested not what can be added ,Extremely easy,in exploring the BI you end up finding the correct manner of wording to get the correct information and charts will include all the information you need to use,Slightly easy,Extremely easy,Neither easy nor difficult,Slightly difficult,Extremely easy,it will let me to understand how to command and type in order to get proper charts without having to redo the whole chart over and over again.,Extremely easy,very easy ,Extremely easy,once the charts are released i will notice that not all information i thought i had requested was included in the official chart then revise it,Extremely easy,very easily once ive noticed the mistakes have done i can easily get the tool to reflect the trade offs,Moderately easy,"very easy , once i have noticed and used the tool over and over, it will be easy to defend how it works and it is straight forward",Extremely comfortable,"very comfortable. when you have had a plan as to what you needed to get out of the tool in the 1st place you can fix the issue, then present and educate on how it responds to wording .",Moderately difficult,it was not easy as it looked like the data was not making any sense.,Slightly difficult,slightly difficult if one cannot read number data,Slightly difficult,Neither easy nor difficult,Slightly difficult,Slightly difficult,Extremely easy,very easy as it will teach me more ways to explore how it give feedback on information,Extremely easy,very easy as it keeps records of previous interactions,Extremely easy,very easy. with the history of the previous requests kept it will be easy to revisit.,Extremely easy,very easy and since it can put information in Lamens terms its easier to read and understand.,Extremely easy,i would defend it. with evidence of its functionality and informative display. the recap is one that will boost in my defense as other tools sometimes loose previous information.,Extremely comfortable,it would be educational and easy . especially the parts where it gathered referenceable information,Tool B. has more insights and with the information being keep as a reminder makes it more sufficient to use ,Tool B. it has given full help and information about its reasoning for choosing such places.,Tool B,combine them as when presented to stakeholders or colleagues both can assist in making a full presentation understandable by all,,
2025-09-12 15:04,2025-09-12 16:11,IP Address,105.245.172.205,100,4003,TRUE,2025-09-12 16:11,R_2P7C8dnLlzwJFFW,,,,,-29.8553,31.0428,anonymous,EN,I consent,32,Male,Manager,,"PowerBI,Tableau,Excel / Google Sheets,Programming-based tools (i.e d3.js)",,"Yes, I feel like there is no version control or reasoning trail. What if I decide to change my mind in the seventh step, that will mean I have will have to redo the multiple steps.",Thing biggest problem in BI is that is there is no parallel view in exploring alternative paths like you can't create two separate pages because you lose comparability if you switch back,The problem is that there is no audit trail. BI does not log your analysis path,The reasoning path is not visible to the user. The tool will only arrive at the end point without showing me the workings.,Extremely difficult,Because the interface is only built for answers not questions,Slightly difficult,Because there is you can not annotate your visuals with why they were created,Slightly difficult,Slightly difficult,Slightly difficult,Slightly difficult,Moderately difficult,Because BI does not give you prompts to try alternate views,Moderately difficult,There is no audit trail,Extremely difficult,There is no audit trail to compare,Extremely difficult,The tool does not support structured reasoning,Extremely difficult,Because BI only arrives at the endpoint there are no workings,Moderately comfortable,I would feel moderately comfortable if I did a lot of prep prior to the presentation,Slightly easy,It would be slightly easy if the tool does not assume that already know what I am looking for,Slightly easy,It would be easy only if it is able to help me explain my reasoning,Slightly easy,Slightly easy,Slightly easy,Slightly easy,Slightly easy,"It is easy if you already know what perspectives to try, and manually create them",Slightly easy,I can you the commenting feature to add notes,Slightly easy,It could be easy if I use bookmarks to save key states before revising or using external notes for reasoning,Slightly difficult,"It is a bit difficult because BI is not an assistant, I would have to build my own framework with notes",Moderately easy,Having notes and bookmarks with reasoning can make this easy,Slightly comfortable,It would definitely be easy if my audience is familiar with the data and topic,"The visual options are great, I can easy create chart and graphs","None, BI has limited reasoning support",I prefer PowerPoint for crafting narratives and recommendations,I would like it to combine a visual tool and a tool of why and how are decisions made,,
2025-09-12 15:12,2025-09-12 16:14,IP Address,109.242.94.54,100,3737,TRUE,2025-09-12 16:14,R_2hZpHdDWPZbzNt8,,,,,37.9842,23.7353,anonymous,EN,I consent,30,Male,Academic/Researcher,,Excel / Google Sheets,,"Yes i felt restricted. This model included many  metrics and it was chaotic. I would like to have more simple charts, metrics and hypotheses that i could observe some patterns between them. The linear way also limits the editing and slows down the decision making because you have to reconstruct different paths.",The tool provided me with one active dashboard at a time and I have to overwrite the old scenario. Apparently 2 different hypotheses can not progress in parallel.,I think the mentally effort needed to reconstruct a previous path and alter many different filters.If you change some data accidentally you may have invalid results.,If i had to explain why to pick one borough over that one i could only show the stakeholder a snapshot of it and not the whole picture or logical reasoning. I could find it also difficult to describe which filters were used to each visual.,Moderately difficult,The tool expects a concrete query and sophisticated way of thinking. It's workspace is more chart-first rather than idea-centric. And having just one path you cannot test other alternatives easily.,Slightly difficult,The path is not clear enough so that you can have a solid answer. You can only describe some partial findings and results of the charts and metrics. We cannot also duplicate/triplicate the results so we take a statistical significant result.,Moderately difficult,Neither easy nor difficult,Slightly difficult,Slightly difficult,Slightly difficult,Since you cannot easily track different paths it is not easy.,Moderately difficult,You have to write down the different paths so you remember the parameters and test them in different time points. This will slow down your progress.,Moderately difficult,It would be mentally exhausting to keep record of all the parameters and filters used. So it would be a very slowly progress of trial and error.,Slightly difficult,"If we try to compare boroughs under different criteria, we might end up duplicating dashboards manually.",Moderately difficult,"The results generated would be generic observations, which may be true, but they do not have statistic importance.",Slightly uncomfortable,"I would present him partial ""good"" charts from different steps of the pathway. The whole picture of my conclusion would be a weak spot of the presentation.",Moderately easy,It would be extremely easier because it is narrative driven and you dont lose time learning the graphics etc.,Slightly easy,Every thought would be linked with a chart so there is a great amount of logical reasoning and eventually a structured output.,Neither easy nor difficult,Slightly easy,Slightly easy,Moderately easy,Extremely easy,"Since the paths can be analyzed separately, I would try any different possible scenarios.",Moderately easy,Since the tool has memory and it is tracking every root and path it would pretty easy to recall the paths you have created.,Moderately easy,The idea that every reasoning is categorized makes extremely easier to locate your thoughts/reasonings.,Slightly easy,The process would be easier for sure. Next you have to use critical thinking to compare them.Unless tool uses suggestion feature that helps with decision making too.,Moderately easy,"The insights would be easily defended and you can easily support them with evidence and elaborate, since you have solid results.",Moderately comfortable,The tool provides me with a clear path history and its partial parameters so I would be able to analyze them properly and I am optimistic I could convince the stakeholder with my presentation.,The second one because it felt like a companion-scientist that organizes the project and to whom I can rely on.It breaks down the inforation in small pieces of the puzzle and it helps maintain the initial reasoning.,"The second for sure, because every insight has a text that accompanies it and can easily be remembered.","The second one because, it would make the decision making process faster and more reliable.",I think i would not a keep a single element from the first one. The second one is by far more innovative and sophisticated and user friendly.,,
2025-09-12 15:03,2025-09-12 16:17,IP Address,197.185.175.195,100,4442,TRUE,2025-09-12 16:17,R_2rSIfG4BcXGwjDj,,,,,-26.2309,28.0583,anonymous,EN,I consent,56,Female,Manager,,Excel / Google Sheets,,"Yes, I felt restricted because I could only go one step at a time. It was limiting when I wanted to explore different paths side by side, like focusing on schools in one view and costs in another.","It was hard to keep both paths open at the same time. I had to duplicate pages or use bookmarks, which made the process clumsy instead of letting me compare them easily side by side.
","It was difficult because the tool doesn’t save my analysis steps, only the data prep. To go back, I often had to redo filters or try to remember past settings.","t would be hard to explain the exact steps I took during the analysis, like why I set certain filters or changed priorities, because the tool doesn’t track those choices clearly.",Extremely difficult,"Because Power BI lets me do most of what I need, like normalizing data, using dynamic weights, and bookmarking. But its step-by-step interface and no easy way to track different paths make it a bit tricky to explore multiple ideas at once and explain all my reasoning clearly",Moderately difficult,"Power BI helps me make charts, calculate scores, and see trends, but turning all that into a clear story or recommendation isn’t straightforward. I have to take notes or screenshots outside the tool to explain my reasoning, which makes creating a structured narrative more work.",Moderately difficult,Moderately easy,Moderately difficult,Slightly difficult,Slightly easy,"Power BI lets me explore data in different ways, like changing weights or filters, but creating and comparing multiple paths side by side is tricky, so I might not try as many alternatives as I would like.",Moderately difficult,"Power BI doesn’t have a built-in way to save multiple paths separately. I can duplicate pages or use bookmarks, but it takes extra effort to remember what each path represents and compare them side by side.",Moderately difficult,"In Power BI, once I’ve applied filters or changed weights, it’s not obvious when I should go back and revise earlier steps. I have to rely on my own notes or memory, which makes reflecting on past choices harder.",Slightly difficult,"Power BI shows the results of different options, but it doesn’t make it easy to compare multiple paths or see all trade-offs at once. I often have to use duplicate pages, bookmarks, or external notes to reflect properly.",Moderately difficult,"I can show the charts, scores, and filters I used, but Power BI doesn’t track my full chain of thought. To fully explain why I made certain choices, I need extra notes or screenshots outside the tool.",Moderately comfortable,"I can show the results and key visuals clearly, but since Power BI doesn’t capture all my reasoning steps, I would need to rely on notes to fully explain my conclusions to stakeholders.",Moderately easy,"The smart data previews and narrative-driven chart generation help me quickly see what’s important and suggest possible directions, so I wouldn’t feel lost even without a clear question.",Extremely easy,"The Story Mode automatically organizes insights, links evidence to claims, and creates a polished narrative, so turning exploration into a report feels almost effortless.",Slightly difficult,Extremely easy,Slightly easy,Extremely easy,Extremely easy,"The branching feature lets me explore multiple paths side by side without losing any work, so I feel free to try different ideas and perspectives.",Extremely easy,"The Insight Timeline and branch management make it simple to see all paths, compare them, and revisit earlier choices, so nothing gets lost.",Extremely easy,"Every insight links back to its data and timeline, so I can quickly see what I did before and update it if needed.",Extremely easy,"The branch comparison lets me see multiple paths side by side, making it simple to weigh pros and cons",Extremely easy,"Every claim is linked to supporting data and visualizations, so I can clearly show why I reached each conclusion.",Extremely comfortable,"With all evidence organized, branches visible, and a polished story generated, I’d feel confident explaining my analysis to anyone.","The proposed system felt more effective. It guides you from raw data to clear recommendations automatically, with smart previews, branching, and Story Mode, making exploration easier and faster.","The proposed system again. The Insight Timeline and linked evidence let me revisit previous steps, update insights, and track how my thinking changed over time.","I would prefer the proposed system. It keeps all analysis organized, supports multiple paths, and creates a polished, defensible narrative, which is ideal for stakeholders.","I would combine the proposed system’s branching, timeline, and story features with Power BI’s advanced modeling and visualization flexibility, so I could explore freely while keeping full control of calculations and data manipulation.",,
2025-09-12 15:04,2025-09-12 16:30,IP Address,82.17.82.113,100,5166,TRUE,2025-09-12 16:30,R_8IhjtiUPNZ8YX7P,,,,,53.5356,-2.952,anonymous,EN,I consent,,Female,Manager,,"PowerBI,Tableau,Excel / Google Sheets,Programming-based tools (i.e d3.js)",,"I felt restricted because I couldn't go back to evaluate all the criteria ( cost, safety, attraction coverage) simultaneously. i had to go through them one by one, which made it difficult to balance the different factors and find the best overall recommendation without going back and forth multiple times.","the barriers i encountered are:
1. Lack of a ""save"" or ""compare"" function: the tool doesn't allow me to hold or store multiple search results or workflows at the same time
2.forced reset: To start a new exploration path, you have to delete or overwrite your previous one.
3. Cognitive overload: You have to rely on your memory or an external tool to remember the result from the first path, which is difficult to compare and contrast the options effectively.","When i realized i needed to revisit an earlier step, it was difficult because my workflow was not easily reversible. i would have to delete all the subsequent calculated fields and recreate the join, which was time consuming and inefficient. this made me hesitant to experiment or pivot my analysis, as it was very costly in terms of lost work.","The parts of the story that would be hard to defend or reconstruct are the alternative paths i explored and rejected. my current BI tool only show the final, linear sequence of steps that led to my conclusion. it doesn't document the many trial and error analyses, dead ends, or multiple different routes i took to get there.",Neither easy nor difficult,because i would have to follow instruction to be able to use the tool.,Slightly easy,because i have to understand how the tools works perfectly well before i can structure a perfect output.,Slightly easy,Moderately easy,Neither easy nor difficult,Slightly difficult,Neither easy nor difficult,because i will really need to understand the tool very well before i could enjoy using it to analyze same data.,Moderately easy,because i am in the process of understanding how the tool works so i will keep track of every track to help me focus more.,Slightly difficult,because the tool is designed in particular way that is kind of difficult to revise earlier reasoning.,Neither easy nor difficult,because it wont be that easy to access different options,Slightly easy,"because i have been using the tool for a while i know a lot about it, so i will be able to defend the insights generated by the tool.",Slightly comfortable,because i know i put a lot of effort and i trust the process before getting to the conclusion.,Moderately easy,because i think i will understand how the tool works provided there is given instructions that will guide me through out my use of the tool.,Moderately easy,because a clear structure output depends on the functionality of the tool.,Slightly difficult,Neither easy nor difficult,Neither easy nor difficult,Neither easy nor difficult,Moderately easy,if the tool functions very well it will be easy to help me analyze the same data in different ways.,Moderately easy,it would be easy to keep track of different path of exploration using tool provided the tool is in good condition.,Slightly difficult,it won't be easy to revise earlier reasoning because of the pattern of the tool.,Neither easy nor difficult,it won't be easy or difficult for the tool to support reflecting on trade-offs between different options ,Moderately easy,it would be moderately easy because i have a good knowledge about the tool.,Moderately comfortable,i would be comfortable because i did a great work using the tool rightly.,i think the both tools are good because they almost had the same output.,the both tools are supportive in their ways.,i think i might go for the two.,i would combine the both tools to make an ideal system.,,
2025-09-12 15:05,2025-09-12 16:35,IP Address,105.12.1.125,100,5385,TRUE,2025-09-12 16:35,R_2FoSsYFL9AXchfr,,,,,-25.757,28.1443,anonymous,EN,I consent,31,Female,Manager,,"PowerBI,Tableau",,"Yes, I did feel restricted to explore the London housing step by step way. This approach limited my ability to fully investigate different aspects of the data and their interconnections.",I encountered several barriers such as limited comparison capabilities; the tool did not provide sufficient and straightfoward say to compare  the results of different scenarios.,"several factors such as, Linear workflow and difficulty in tracking changes madeyes this difficult as a result these need steps need to be revisited.","I would explain to the stakeholders about several parts of the story would be hard to reconstruct using my own BI tool due to the difficulty in sharing intermediate results, I could not easily share results with stakeholders which made it hard to get constructive feedback on the analysis",Extremely difficult,It would be very difficult to use or get appropriate tracking of directions.,Extremely easy,I believe when the tool is used appropriately there won't be any restrictions in exploring alternative paths.,Neither easy nor difficult,Moderately easy,Extremely easy,Neither easy nor difficult,Moderately easy,It will guide me and make the work less demanding.,Neither easy nor difficult,exploring other paths will be a bit challenging because I will have to prioritize some barriers to make it work.,Slightly easy,I will have to follow the tracking changes.,Neither easy nor difficult,It will be able to keep track on trade offs options.,Moderately easy,I will have sufficient information and tools to back it up.,Extremely comfortable,I would have had enough time to gather information and double check the important facts to focus on.,Moderately easy,It will be difficult and impossible mission to achieve .,Moderately easy,by following the right procedure and analyzing the whole exploration very well.,Extremely difficult,Slightly easy,Moderately easy,Moderately easy,Slightly easy,I would look into other ways to look and gather valuable information that will be helpful to analyze the same data .,Slightly difficult,It won't  be easy because it needs one to be careful and attentive when using the exploration tool.,Slightly easy,It will be very easy the recall the information you came across with before.,Neither easy nor difficult,It might not be difficulty nor easy to reflect on the tradeoffs because it offers variety of options and on how to use them.,Slightly easy,Easy because I will be talking about that I have enough solid evidence to back it up with.,Slightly comfortable,It is never easy to present a challenging task.,"PowerBI,it  helped me with data integration and data visualization.",Power BI and Tableau they have the same similarities and functionality.,Power BI,None,,
2025-09-12 15:05,2025-09-12 16:36,IP Address,165.165.127.253,100,5432,TRUE,2025-09-12 16:36,R_2oT0jOw38EFNwQI,,,,,-29.8553,31.0428,anonymous,EN,I consent,23,Female,Manager,,"PowerBI,Excel / Google Sheets,Programming-based tools (i.e d3.js)",,"Yes, the linear workflow made it challenging to explore different paths simultaneously. I had to manually set up separate report pages or bookmarks to compare different scenarios.","The main barrier was the lack of native support for parallel branching. I had to manually duplicate report pages or use bookmarks to compare different paths, which was cumbersome.",The lack of a reasoning history or editable trail of steps made it difficult to revisit and revise earlier steps without redoing work. I had to manually update filters and visualizations to reflect changes.,"The parts of the story that would be hard to defend are the trade-offs and alternative paths considered during the analysis. Without a clear audit trail or reasoning history, it would be challenging to reconstruct the thought process and defend the final recommendations.",Neither easy nor difficult,"It would be challenging to find a direction without a specific question using this tool, as it's designed for answering concrete questions. Without a clear goal or hypothesis, determining relevant data, identifying meaningful patterns, and staying focused would be difficult. A more exploratory approach would likely require additional features like data profiling, visualization tools, or iterative querying, without which exploration might be cumbersome and less effective.",Moderately difficult,"It would be moderately difficult to turn exploration into a structured output like a clear recommendation or narrative using this tool. The tool's limitations in capturing the reasoning process, trade-offs, and alternative paths considered during exploration would require additional effort to document the process, organize and synthesize findings, and articulate recommendations. Manual workarounds, such as external notes or documentation, would be necessary to address these limitations, adding complexity and potentially leading to inconsistencies between the exploration and final output.",Moderately easy,Moderately easy,Extremely easy,Moderately easy,Slightly difficult,"I would expect this tool to make it somewhat difficult to try different ways of analyzing the same data. The lack of native support for parallel branching and reasoning history would require manual effort to duplicate and manage different analysis paths and keep track of changes and comparisons. This would likely discourage exploration of alternative approaches, making it more challenging to discover new insights. ",Moderately difficult,"It would be difficult to keep track of different exploration paths using this tool due to the lack of native support for parallel branching and reasoning history. This would make it hard to manage multiple paths, recall previous steps, and compare different approaches, requiring manual workarounds that could lead to errors and inconsistencies. I'It would be difficult to keep track of different exploration paths using this tool due to the lack of native support for parallel branching and reasoning history. This would make it hard to manage multiple paths, recall previous steps, and compare different approaches, requiring manual workarounds that could lead to errors and inconsistencies. I'",Slightly difficult,"It would be challenging to recognize when to revise earlier reasoning using this tool due to the lack of a clear audit trail, reasoning history, and editable trail of steps. This would make it difficult to identify inconsistencies, track changes, and reflect on previous decisions, requiring significant manual effort and mental overhead.",Slightly easy,"These tools would likely make it difficult to reflect on trade-offs between different options due to the lack of native support for parallel branching, reasoning history, and editable trail of steps. This would require manual effort to compare and contrast options, track trade-offs and compromises, and visualize the implications of different choices, making it challenging to systematically evaluate and reflect on trade-offs. ",Neither easy nor difficult,"It would be challenging to defend the reasoning behind insights generated with this tool due to the lack of transparency, audit trail, and clear documentation of the decision-making process. This would make it difficult to articulate the rationale behind insights, provide evidence and justification, and demonstrate the validity of conclusions. ",Neither comfortable nor uncomfortable,"I'd likely feel somewhat unconfident presenting conclusions to stakeholders using this tool due to its limitations in transparency, audit trail, and documentation. This would make it challenging to clearly articulate the reasoning behind conclusions, provide robust evidence and justification, and address potential questions or criticisms",Moderately easy,"Finding direction without a specific question using a tool with smart data familiarization would be moderately easy due to its structured and actionable nature, AI-powered insights, and data visualization capabilities. The tool's effectiveness would depend on data quality and relevance, as well as the user's expertise in data analysis and domain knowledge.  smart data familiarization would facilitate exploration and help users discover relevant information and potential directions.",Slightly difficult,"The tool limitations in analysis capabilities and lack of data integration would make it challenging to generate a well-supported recommendation or narrative. Users would likely need to manually synthesize insights and create a structured output, which could be time-consuming and require significant effort. While the carousel demo might provide some useful information, its design would not lend itself well to producing a clear and compelling narrative or recommendation without additional work.",Moderately easy,Extremely easy,Extremely easy,Neither easy nor difficult,Slightly easy," limited interactivity and lack of in-depth guidance, would make it challenging for users to learn and apply proper data analysis methods, potentially leading to suboptimal results. Its ability to promote best practices would be somewhat restricted.",Neither easy nor difficult,"it would make it somewhat difficult to keep track of different paths of exploration due to its linear and sequential nature. This format would limit the ability to navigate through multiple paths or scenarios, keep track of different exploration branches, and recall previous steps or decisions. As a result, managing complex explorations would be challenging, and users might struggle to stay organized without features like branching narratives or interactive exploration. Overall, tracking different paths would require extra effort and attention.",Moderately easy,"The tool clear and concise presentation would make it straightforward to identify areas where analysis might be improved, allowing users to easily pinpoint where revisions are needed. With a simple and intuitive format, users would be able to quickly assess their reasoning and make necessary adjustments.",Moderately easy,"the tool would likely have limited support for reflecting on trade-offs between different options due to its linear and sequential nature, making it challenging to compare multiple options side-by-side, evaluate complex trade-offs, and visualize different scenarios. Without interactive features or analytical capabilities, users would struggle to conduct in-depth trade-off analysis, and the tool would be better suited for showcasing simple, straightforward information rather than facilitating nuanced decision-making.",Moderately difficult," The  tool's limitations would require some additional effort to defend the reasoning behind insights, but it's not an impossible task. With some extra work to gather supporting evidence or provide context, it would be manageable, but not straightforward.",Slightly uncomfortable,"The  tool's limitations might lead to concerns about the robustness and reliability of the insights, making it challenging to present conclusions with high confidence to stakeholders. Additional validation or supporting evidence might be needed to build a stronger case and increase confidence in the conclusions.","The tool in Scenario B: Travel Planning (Destinations) was more effective in transitioning from exploration to structure due to its structured workflow, flexibility, and guided decision-making features. The card-based design and horizontal scrolling enabled easy organization and prioritization of factors, while the tool's flexibility allowed for scenario exploration and comparison. In contrast to Scenario A's data analysis focus, Scenario B's tool provided a more guided approach, making it better suited for structured decision-making. This structured and guided approach facilitated a smoother transition from exploration to actionable insights.","The tool used, Power BI, might not be the most supportive for reflecting and revising reasoning due to its linear workflow, limited annotation capabilities, and potential for visual clutter. A more effective tool would likely offer features like non-linear workflow, annotation and note-taking, and flexible visualization, allowing users to explore different scenarios, capture their thought process, and easily compare and contrast different scenarios, ultimately facilitating more effective reflection and revision of their analysis.","I'd prefer the tool from Scenario B: Travel Planning (Destinations) for renewal decision-making due to its structured workflow, card-based design, and focus on exploration and recommendation. These features would facilitate evaluating renewal options, comparing different scenarios, and making informed decisions. The tool's flexibility and interactivity would be beneficial in navigating complex renewal decisions.","An ideal system would combine the structured workflow of Scenario B's card-based design with the data analysis and visualization capabilities of Scenario A's Power BI tool. Enhanced features would include annotation and note-taking, flexible visualization options, automated suggestions based on user input, and seamless integration between exploration and decision-making phases. This system would support effective and efficient decision-making with features like card-based workflow, interactive visualizations, annotation, automated recommendations, and streamlined integration, ultimately facilitating informed and structured decision-making.",,
2025-09-12 15:03,2025-09-12 16:39,IP Address,216.120.189.14,100,5806,TRUE,2025-09-12 16:39,R_8xLTE9DJT1y49wa,,,,,51.5081,-0.1278,anonymous,EN,I consent,26,Male,Academic/Researcher,,"PowerBI,Excel / Google Sheets",,"I felt restricted by the linear step by step way flow in the area of parking an undefined hypothesis. I started by setting unclear goals like the balance cost, school and safety thingy whereas I was required to apply concrete filters. This warrants that I keep notes externally thereby splitting my thoughts from the actual data. Other areas I felt restricted by the step-by-step flow includes the lack of backtracking and explorations of alternatives resulting from a linear progression of the work flow, lack of context history and purely manual branching experiments.","The barriers I encountered includes:
1. The need to duplicate pages (overheads) as each adjustments has to be fixed manually for all the duplicates.
2. Limited by the lack of side by side comparison modes; I had to create separate report pages.
3. Lack of collaboration 
4. Loss of context history.","1. The rigidity of power query being linear which led to applying steps pane records transformation for each of them.
2. Use of bookmarks poses some limitations for instance, i twerk an assumption, the saved bookmarks might not reflect the correct state.
3. Disconnection of external narrative.
4. Artifacts duplication multiplies the panes.","Going by my BI tool, it appears easy to render a recommendation, but quite challenging to reconstruct the decision journey. The discarded paths are the hardest to defend alongside the exact parameter settings and the rationale which justifies data transformation.",Slightly difficult,To find direction in using BI tool void of a question is really stressful and lacks direction.,Slightly easy,"Making a polished charts from explorations is workable, but making a defendable structured story is difficult as exploration process is not captured.",Neither easy nor difficult,Neither easy nor difficult,Slightly easy,Slightly difficult,Moderately easy,The tool makes it easy to switch chart types as much as it undermines the use of multi-path explorations.,Neither easy nor difficult,To keep track of various exploration paths using the BI tool is manual. It allows for the preservation of screenshots and does not support multi-branch reasoning.,Slightly difficult,The tool does not show the story of exploration.,Slightly easy,"The tool reveals slices of data  however, I evaluate them using logic outside the BI space.",Moderately difficult,It is quite difficult explaining the reason behind certain choices as narratives guiding insights get missing outside the BI environment ,Moderately comfortable,The visuals are reliable but the parameter history and exploration trails might seem weak.,Slightly easy,"The tool makes it easy by providing dataset overviews, pointing out gaps and visuals from written thoughts. It generates context-preserving ideas which allow exploration and helps users to shape relevant questions while tracking evidences.",Moderately easy,The tool links the captured insights automatically thereby supporting values and grouping them into timelines.,Neither easy nor difficult,Neither easy nor difficult,Slightly difficult,Slightly difficult,Moderately easy,The tool creates views from prompts and gives insights which support alternative interpretations. It makes experimentation easy as well.,Slightly easy,The tool gives insights and branching features which automatically records exploration paths. User can access progress and make comparisons.,Slightly easy,"Timeline reveals the evolution of reasoning as branching portrays diversion, pointing out prior assumptions requiring a revisit.",Slightly easy,"The branching structure makes trade-offs clearer, and encourages proper evaluation of benefits and costs thereby supporting reflections prior to conclusions. ",Slightly easy,the timelines show the whole process which guarantees transparency and provides relevant evidence.,Moderately comfortable,"Based on data and coverage, I would show sufficient confidence.",The narrative-driven view generation tool was more effective because it closes the gap between vague exploration and structured insights.,The BI tool due to the visuals and solid metrics.,I prefer the BI tool because of the visuals and metrics involved,I would combine the visuals of the BI tool and the exploration trail of the narrative based generation tool.,,
2025-09-12 15:02,2025-09-12 16:41,IP Address,177.228.98.201,100,5966,TRUE,2025-09-12 16:41,R_3aLVc1hm6Bt0ZZD,,,,,24.5668,-107.3843,anonymous,EN,I consent,40,Male,Data Analyst,,"PowerBI,Excel / Google Sheets,Other","python, sql","yes, because i have to start over when schools-heavy wasn't compared with amenities data",there might be correlation between this 2 variables and it will be difficult draw a conclusion.,"i have to reset manually the whole dashboard, filters, slicers and custom formulas.",Explaining the whole path without making mistakes when setting the filters and without losing the narrative will be a difficult challenge in this task,Moderately difficult,if you don't have a goal in mind how can you expect a good result.,Slightly difficult,It will be difficult but doable; I will need to take detailed notes later to explain why I made certain decisions.,Moderately difficult,Slightly difficult,Moderately difficult,Moderately difficult,Slightly easy,is easier because translate natural language in concrete data analysis actions.,Slightly difficult,It’s difficult because I have to rely on taking external notes to explain the reasoning behind every path change.”,Slightly difficult,"It’s difficult to decide whether to revisit earlier reasoning, as I must rely on external notes and the visuals.",Slightly easy,The tool’s ability to support reflection depends on how clearly the question or scenario is defined.,Moderately easy,by following different paths i think you can generate more insights and get to a better conclusion.,Moderately comfortable,"“I feel really confident because once I make a presentation, I will be able to address the weak points in my insights and conclusions.",Moderately easy,"Easy, it will give you a starting point to begin analyzing the data.",Moderately easy,"easy, by clicking in story mode you can generate a narrative",Moderately easy,Moderately easy,Moderately easy,Slightly easy,Extremely easy,"Easy, because you can explore different paths with minimal setup and reach results quickly.",Extremely easy,"You can ask the system to explore different branches, and it will separate the paths, making them easier to track",Moderately easy,"Easy, because you can return to the point you want to revisit and make the necessary adjustments",Moderately easy,"Easy, because you can compare different branches while drawing a conclusion.",Extremely easy,"Easy, because the system generates a narrative and helps with storytelling.",Moderately comfortable,"Very confident, because I will be able to explore more paths and branches, leading to a more robust conclusion.","I struggle with narrative building, but I think this tool can help me improve my storytelling","The branch explorer seems incredibly useful, as it allows you to generate more branches without losing potential insights","The narrative tool is especially valuable because, as I mentioned before, narrative building is my weak spot, and anything that can help me improve it will be extremely useful",I think I’ll have to try them both to reach an answer.,,